epoch	hours	f1Score
1	0.075383576	0.674614721
2	0.134766892	0.720164119
3	0.194513711	0.738185924
4	0.253991843	0.756801917
5	0.313687695	0.763151531
6	0.373251286	0.768184418
7	0.432583269	0.776083718
8	0.492170259	0.780563527
